Discount_Bin,Actual_Sales_sum,Actual_Sales_mean,Actual_Sales_count,Predicted_Sales_sum,Predicted_Sales_mean,Absolute_Error_mean,Percent_Error_mean,Total_Error,Error_Percent
0-5%,232.0,0.08923076923076922,2600,333.84493767973896,0.12840189910759192,0.04430074005377095,280723.0278373571,101.84493767973896,43.898680034370244
5-10%,149.0,3.6341463414634148,41,142.34476412896396,3.4718235153405845,0.37206824101568353,5.150155482561008,-6.655235871036041,-4.466601255728887
10-15%,361.0,4.45679012345679,81,327.1055054546108,4.0383395735137135,0.809168406868011,14.890781714604122,-33.89449454538919,-9.38905666077263
15-20%,966.0,5.962962962962963,162,948.3957197259115,5.85429456620933,0.9383905253449267,12.74670597738453,-17.604280274088524,-1.8223892623280045
20-30%,7719.0,14.73091603053435,524,8358.187288187351,15.950739099594182,3.4808722904900087,13.918388164115012,639.1872881873514,8.280700714954676
30-40%,13783.0,16.62605548854041,829,13974.175996898575,16.856665858743757,3.5043380798918258,12.464432260989428,191.17599689857525,1.3870419857692466
40%+,5133.0,8.92695652173913,575,5461.340332141778,9.497983186333528,1.9238336464862806,18.758927642769837,328.34033214177816,6.3966556037751445
