Discount_Bin,Actual_Sales_sum,Actual_Sales_mean,Actual_Sales_count,Predicted_Sales_sum,Predicted_Sales_mean,Absolute_Error_mean,Percent_Error_mean,Total_Error,Error_Percent
0-5%,232.0,0.08923076923076922,2600,11186.850437223911,4.302634783547658,4.22665210545063,38238979.95515489,10954.850437223911,4721.918291906859
5-10%,149.0,3.6341463414634148,41,479.4310574531555,11.69344042568672,8.375022667210276,293.56262888317855,330.4310574531555,221.7658103712453
10-15%,361.0,4.45679012345679,81,800.4790639877319,9.882457580095457,6.507024544256705,198.0406170236083,439.47906398773193,121.7393529051889
15-20%,966.0,5.962962962962963,162,1866.975659392774,11.524541107362802,6.834769756567699,209.74044044917522,900.9756593927741,93.26870180049421
20-30%,7719.0,14.73091603053435,524,8453.731437556446,16.1330752625123,7.811450604847028,155.88266135798054,734.7314375564456,9.518479564146205
30-40%,13783.0,16.62605548854041,829,12244.082052282989,14.76970090745837,8.115730332172463,130.67977348923247,-1538.917947717011,-11.16533372790402
40%+,5133.0,8.92695652173913,575,5556.949385881424,9.66425980153291,5.270302690008412,57941.54299892314,423.94938588142395,8.259290587987998
